-- phpMyAdmin SQL Dump
-- version 4.7.4
-- https://www.phpmyadmin.net/
--
-- Host: 127.0.0.1
-- Generation Time: Sep 10, 2018 at 03:13 PM
-- Server version: 10.1.29-MariaDB
-- PHP Version: 7.2.0

SET SQL_MODE = "NO_AUTO_VALUE_ON_ZERO";
SET AUTOCOMMIT = 0;
START TRANSACTION;
SET time_zone = "+00:00";


/*!40101 SET @OLD_CHARACTER_SET_CLIENT=@@CHARACTER_SET_CLIENT */;
/*!40101 SET @OLD_CHARACTER_SET_RESULTS=@@CHARACTER_SET_RESULTS */;
/*!40101 SET @OLD_COLLATION_CONNECTION=@@COLLATION_CONNECTION */;
/*!40101 SET NAMES utf8mb4 */;

--
-- Database: `smart_homie`
--

-- --------------------------------------------------------

--
-- Table structure for table `devices_states`
--

CREATE TABLE `devices_states` (
  `id` int(11) NOT NULL,
  `devicename` varchar(20) NOT NULL,
  `status` varchar(10) NOT NULL
) ENGINE=InnoDB DEFAULT CHARSET=utf8;

--
-- Dumping data for table `devices_states`
--

INSERT INTO `devices_states` (`id`, `devicename`, `status`) VALUES
(1, 'A/C', 'off'),
(2, 'Dehumidifier', 'off');

-- --------------------------------------------------------

--
-- Table structure for table `indoor_data`
--

CREATE TABLE `indoor_data` (
  `id` int(11) NOT NULL,
  `date` date DEFAULT NULL,
  `time` time DEFAULT NULL,
  `temperature` varchar(10) NOT NULL,
  `humidity` varchar(10) NOT NULL
) ENGINE=InnoDB DEFAULT CHARSET=utf8;

--
-- Dumping data for table `indoor_data`
--

INSERT INTO `indoor_data` (`id`, `date`, `time`, `temperature`, `humidity`) VALUES
(1, '2018-09-02', '18:40:48', '26.80', '30.60'),
(2, '2018-09-02', '18:42:48', '26.80', '31.10'),
(3, '2018-09-02', '18:44:48', '27.00', '30.60'),
(4, '2018-09-02', '18:46:48', '27.20', '31.50'),
(5, '2018-09-02', '18:48:48', '27.40', '31.20'),
(6, '2018-09-02', '18:50:48', '27.50', '31.60'),
(7, '2018-09-02', '18:52:48', '27.60', '31.50'),
(8, '2018-09-02', '18:54:48', '27.80', '31.10'),
(9, '2018-09-02', '18:56:48', '27.80', '31.00'),
(10, '2018-09-02', '18:58:48', '28.00', '31.10'),
(11, '2018-09-02', '19:00:47', '28.00', '31.20'),
(12, '2018-09-02', '19:02:47', '28.10', '31.80'),
(13, '2018-09-02', '19:04:47', '28.20', '33.90'),
(14, '2018-09-02', '19:06:47', '27.80', '33.50'),
(15, '2018-09-02', '19:08:47', '27.10', '33.60'),
(16, '2018-09-02', '19:10:47', '26.60', '33.50'),
(17, '2018-09-02', '19:12:47', '26.20', '33.50'),
(18, '2018-09-02', '19:14:47', '26.00', '33.90'),
(19, '2018-09-02', '19:16:47', '26.00', '33.60'),
(20, '2018-09-02', '19:18:47', '25.70', '32.80'),
(21, '2018-09-02', '19:20:47', '25.60', '33.00'),
(22, '2018-09-02', '19:22:47', '25.50', '32.60'),
(23, '2018-09-02', '19:24:46', '25.60', '33.60'),
(24, '2018-09-02', '19:26:46', '25.40', '33.10'),
(25, '2018-09-02', '19:28:46', '25.40', '32.70'),
(26, '2018-09-02', '19:30:46', '25.30', '33.70'),
(27, '2018-09-02', '19:32:46', '25.30', '32.60'),
(28, '2018-09-02', '19:34:46', '25.40', '33.90'),
(29, '2018-09-02', '19:36:46', '25.20', '32.30'),
(30, '2018-09-02', '19:38:46', '24.80', '30.80'),
(31, '2018-09-02', '19:40:46', '24.70', '31.60'),
(32, '2018-09-02', '19:42:46', '24.90', '31.00'),
(33, '2018-09-02', '19:44:46', '24.60', '30.80'),
(34, '2018-09-02', '19:46:45', '24.60', '31.90'),
(35, '2018-09-02', '19:48:45', '24.50', '32.80'),
(36, '2018-09-02', '19:50:45', '24.40', '33.40'),
(37, '2018-09-02', '19:52:45', '24.40', '34.30'),
(38, '2018-09-02', '19:54:45', '24.40', '35.00'),
(39, '2018-09-02', '19:56:45', '24.60', '33.70'),
(40, '2018-09-02', '19:58:45', '24.80', '35.70'),
(41, '2018-09-02', '20:00:45', '24.90', '33.50'),
(42, '2018-09-02', '20:02:45', '25.00', '33.60'),
(43, '2018-09-02', '20:04:45', '25.10', '33.80'),
(44, '2018-09-02', '20:06:45', '25.10', '33.00'),
(45, '2018-09-06', '12:45:34', '25.00', '38.00'),
(46, '2018-09-06', '12:47:34', '24.90', '38.10'),
(47, '2018-09-06', '12:49:34', '24.70', '37.50'),
(48, '2018-09-06', '12:51:34', '24.60', '38.10'),
(49, '2018-09-06', '12:53:33', '24.40', '37.70'),
(50, '2018-09-06', '12:55:33', '24.80', '37.80'),
(51, '2018-09-06', '12:57:33', '25.20', '36.60'),
(52, '2018-09-06', '12:59:33', '25.20', '36.90'),
(53, '2018-09-06', '13:01:33', '25.00', '37.00'),
(55, '2018-09-06', '13:03:33', '25.00', '36.90'),
(56, '2018-09-06', '13:05:33', '24.90', '36.90'),
(57, '2018-09-06', '13:07:33', '24.90', '36.80'),
(58, '2018-09-06', '13:09:33', '24.70', '36.60'),
(59, '2018-09-06', '13:11:33', '24.40', '36.70'),
(60, '2018-09-06', '13:13:33', '24.40', '37.90'),
(61, '2018-09-06', '13:15:33', '24.50', '38.80'),
(62, '2018-09-06', '13:17:32', '24.70', '38.30'),
(63, '2018-09-06', '13:19:32', '24.60', '39.20'),
(64, '2018-09-06', '13:21:32', '24.50', '39.10'),
(65, '2018-09-06', '13:23:32', '24.40', '39.80'),
(66, '2018-09-06', '13:25:32', '24.50', '39.10'),
(67, '2018-09-06', '13:27:32', '24.70', '38.10'),
(68, '2018-09-06', '13:29:32', '24.90', '37.10'),
(69, '2018-09-06', '13:31:32', '24.50', '36.70'),
(70, '2018-09-06', '13:33:32', '24.50', '36.60'),
(71, '2018-09-06', '13:35:32', '24.60', '37.50'),
(72, '2018-09-06', '13:37:32', '24.40', '36.40'),
(73, '2018-09-06', '13:39:32', '24.30', '37.40'),
(74, '2018-09-06', '13:41:31', '24.60', '36.00'),
(75, '2018-09-06', '13:43:31', '24.60', '36.80'),
(76, '2018-09-06', '13:45:31', '24.70', '35.20'),
(77, '2018-09-06', '13:47:31', '24.70', '35.20'),
(78, '2018-09-06', '13:49:31', '24.60', '35.50'),
(79, '2018-09-06', '13:51:31', '24.60', '34.50'),
(80, '2018-09-06', '13:53:31', '25.10', '35.90'),
(81, '2018-09-06', '13:55:31', '25.60', '34.70'),
(82, '2018-09-06', '13:57:31', '26.00', '34.20'),
(83, '2018-09-06', '13:59:31', '26.30', '34.10'),
(84, '2018-09-06', '14:01:31', '26.60', '35.00'),
(85, '2018-09-06', '14:03:31', '26.80', '34.80'),
(86, '2018-09-06', '14:05:30', '26.90', '34.90'),
(87, '2018-09-06', '14:07:30', '27.10', '35.00'),
(88, '2018-09-06', '14:09:30', '27.30', '36.30'),
(89, '2018-09-06', '14:11:30', '27.40', '35.70'),
(90, '2018-09-06', '14:13:30', '27.50', '35.30'),
(91, '2018-09-06', '14:15:30', '27.60', '36.00'),
(92, '2018-09-06', '14:17:30', '27.70', '37.00'),
(93, '2018-09-06', '14:19:30', '27.80', '37.10'),
(94, '2018-09-06', '14:21:30', '27.90', '36.30'),
(95, '2018-09-06', '14:23:30', '28.00', '36.70'),
(96, '2018-09-06', '14:25:30', '28.10', '37.00'),
(97, '2018-09-06', '14:27:30', '28.10', '38.20'),
(98, '2018-09-06', '14:29:30', '28.10', '37.30'),
(99, '2018-09-06', '14:31:29', '28.20', '37.60'),
(100, '2018-09-06', '14:33:29', '28.20', '37.30'),
(101, '2018-09-06', '14:35:29', '28.30', '38.10'),
(102, '2018-09-06', '14:37:29', '28.30', '38.10'),
(103, '2018-09-06', '14:39:29', '28.10', '39.70'),
(104, '2018-09-06', '14:41:29', '27.70', '40.10'),
(105, '2018-09-06', '14:43:29', '27.00', '38.70'),
(106, '2018-09-06', '14:45:29', '26.70', '39.30'),
(107, '2018-09-06', '14:47:29', '26.40', '38.30'),
(108, '2018-09-06', '14:49:29', '25.80', '38.30'),
(109, '2018-09-06', '14:51:29', '25.50', '38.60'),
(110, '2018-09-06', '14:53:29', '25.60', '38.50'),
(111, '2018-09-06', '14:55:28', '25.60', '37.90'),
(112, '2018-09-06', '14:57:28', '25.60', '36.70'),
(113, '2018-09-06', '14:59:28', '25.60', '36.20'),
(114, '2018-09-06', '15:01:28', '25.40', '37.80'),
(115, '2018-09-06', '15:03:28', '25.60', '35.80'),
(116, '2018-09-06', '15:05:28', '25.50', '35.60'),
(117, '2018-09-06', '15:07:28', '25.30', '35.60'),
(118, '2018-09-06', '15:09:28', '25.20', '34.90'),
(119, '2018-09-06', '15:11:28', '24.80', '35.30'),
(120, '2018-09-06', '15:13:28', '24.80', '37.90'),
(121, '2018-09-06', '15:15:28', '24.80', '36.10'),
(122, '2018-09-06', '15:17:28', '24.90', '35.90'),
(123, '2018-09-06', '15:19:27', '24.90', '35.80'),
(124, '2018-09-06', '15:21:27', '24.80', '35.60'),
(125, '2018-09-06', '15:23:27', '24.70', '35.20'),
(126, '2018-09-06', '15:25:27', '24.50', '35.00'),
(127, '2018-09-06', '15:27:27', '24.50', '37.30'),
(128, '2018-09-06', '15:29:27', '24.40', '38.20'),
(129, '2018-09-06', '15:31:27', '24.70', '38.20'),
(130, '2018-09-06', '15:33:27', '24.40', '37.90'),
(131, '2018-09-06', '15:35:27', '24.40', '38.00'),
(132, '2018-09-06', '15:37:27', '24.70', '41.70'),
(133, '2018-09-06', '15:39:27', '24.50', '42.10'),
(134, '2018-09-06', '15:41:27', '24.60', '44.10'),
(135, '2018-09-06', '15:43:26', '24.80', '44.90'),
(136, '2018-09-06', '15:45:26', '24.80', '45.20'),
(137, '2018-09-06', '15:47:26', '24.90', '47.30'),
(138, '2018-09-06', '15:49:26', '25.00', '47.90'),
(139, '2018-09-06', '15:51:26', '25.00', '48.80'),
(140, '2018-09-06', '15:53:26', '24.90', '48.10'),
(141, '2018-09-06', '15:55:26', '25.00', '48.80'),
(142, '2018-09-06', '15:57:26', '24.90', '47.40'),
(143, '2018-09-06', '15:59:26', '24.70', '46.10'),
(144, '2018-09-06', '16:01:26', '24.60', '46.30'),
(145, '2018-09-06', '16:03:26', '24.40', '44.80'),
(146, '2018-09-06', '16:05:26', '24.40', '45.40'),
(147, '2018-09-06', '16:07:25', '24.30', '44.00'),
(148, '2018-09-06', '16:09:25', '24.30', '43.40'),
(149, '2018-09-06', '16:11:25', '24.20', '43.10'),
(150, '2018-09-06', '16:13:25', '24.20', '42.40'),
(151, '2018-09-06', '16:15:25', '24.10', '42.00'),
(152, '2018-09-06', '16:17:25', '24.20', '43.60'),
(153, '2018-09-06', '16:19:25', '24.10', '42.40'),
(154, '2018-09-06', '16:21:25', '24.10', '42.20'),
(155, '2018-09-06', '16:23:25', '24.10', '41.80'),
(156, '2018-09-06', '16:25:25', '24.00', '40.90'),
(157, '2018-09-06', '16:27:25', '23.90', '40.60'),
(158, '2018-09-06', '16:29:24', '23.90', '40.70'),
(159, '2018-09-06', '16:31:24', '24.10', '41.00'),
(160, '2018-09-06', '16:33:24', '24.00', '39.80'),
(161, '2018-09-06', '16:34:56', '24.00', '40.40'),
(162, '2018-09-06', '16:37:19', '24.30', '38.70'),
(163, '2018-09-06', '16:39:19', '24.30', '39.40'),
(164, '2018-09-06', '16:41:19', '24.10', '38.10'),
(165, '2018-09-06', '16:43:19', '24.00', '39.20'),
(166, '2018-09-06', '16:45:18', '23.80', '37.90'),
(167, '2018-09-06', '16:47:18', '23.70', '38.90'),
(168, '2018-09-06', '16:49:18', '24.40', '38.80'),
(169, '2018-09-06', '16:51:18', '24.90', '38.30'),
(170, '2018-09-06', '16:53:18', '25.20', '38.00'),
(171, '2018-09-06', '16:55:18', '25.50', '37.50'),
(172, '2018-09-06', '16:57:18', '25.70', '37.30'),
(173, '2018-09-06', '16:59:18', '25.90', '37.10'),
(174, '2018-09-06', '17:01:18', '26.00', '37.00'),
(175, '2018-09-06', '17:03:18', '26.10', '36.90'),
(176, '2018-09-06', '17:05:18', '26.20', '36.80'),
(177, '2018-09-06', '17:07:18', '26.30', '36.80'),
(178, '2018-09-06', '17:09:17', '26.30', '36.90'),
(179, '2018-09-06', '17:11:17', '26.40', '37.20'),
(180, '2018-09-06', '17:13:17', '26.50', '37.30'),
(181, '2018-09-06', '17:15:17', '26.50', '37.20'),
(182, '2018-09-06', '17:17:17', '26.60', '37.40'),
(183, '2018-09-06', '17:19:17', '26.60', '37.40'),
(184, '2018-09-06', '17:21:17', '26.70', '37.30'),
(185, '2018-09-06', '17:23:17', '26.70', '37.40'),
(186, '2018-09-06', '17:25:17', '26.80', '37.50'),
(187, '2018-09-06', '17:27:17', '26.80', '37.70'),
(188, '2018-09-06', '17:29:17', '26.80', '37.60'),
(189, '2018-09-06', '17:31:17', '26.90', '37.70'),
(190, '2018-09-06', '17:33:17', '26.90', '37.70'),
(191, '2018-09-06', '17:35:16', '26.90', '37.80'),
(192, '2018-09-06', '17:37:16', '26.90', '37.80'),
(193, '2018-09-06', '17:39:16', '27.00', '37.90'),
(194, '2018-09-06', '17:41:16', '27.00', '38.00'),
(195, '2018-09-06', '17:43:16', '27.00', '38.10'),
(196, '2018-09-06', '17:45:16', '27.00', '38.10'),
(197, '2018-09-06', '17:47:16', '27.10', '38.30'),
(198, '2018-09-06', '17:49:16', '27.10', '38.30'),
(199, '2018-09-06', '17:51:16', '27.10', '38.40'),
(200, '2018-09-06', '17:53:16', '27.10', '38.50'),
(201, '2018-09-06', '17:55:16', '27.20', '38.60'),
(202, '2018-09-06', '17:57:16', '27.20', '38.60'),
(203, '2018-09-06', '17:59:16', '27.20', '38.70'),
(204, '2018-09-06', '18:01:15', '27.20', '38.60'),
(205, '2018-09-06', '18:03:15', '27.30', '38.80'),
(206, '2018-09-06', '18:05:15', '27.30', '38.80'),
(207, '2018-09-06', '18:07:15', '27.30', '39.00'),
(208, '2018-09-06', '18:09:15', '27.30', '39.00'),
(209, '2018-09-06', '18:11:15', '27.30', '39.00'),
(210, '2018-09-06', '18:13:15', '27.30', '39.10'),
(211, '2018-09-06', '18:15:15', '27.40', '39.20'),
(212, '2018-09-06', '18:17:15', '27.40', '39.30'),
(213, '2018-09-06', '18:19:15', '27.40', '39.30'),
(214, '2018-09-06', '18:21:15', '27.40', '39.30'),
(215, '2018-09-06', '18:23:15', '27.40', '39.40'),
(216, '2018-09-06', '18:25:15', '27.30', '41.30'),
(217, '2018-09-06', '18:27:15', '26.80', '43.00'),
(218, '2018-09-06', '18:29:14', '26.10', '44.40'),
(219, '2018-09-06', '18:31:14', '25.80', '42.40'),
(220, '2018-09-06', '18:33:14', '25.50', '41.60'),
(221, '2018-09-06', '18:35:14', '25.30', '42.90'),
(222, '2018-09-06', '18:37:14', '25.40', '41.20'),
(223, '2018-09-06', '18:39:14', '25.00', '40.00'),
(224, '2018-09-06', '18:41:14', '24.70', '39.90'),
(225, '2018-09-06', '18:43:14', '24.60', '40.40'),
(226, '2018-09-06', '18:45:14', '24.70', '39.60'),
(227, '2018-09-06', '18:47:14', '24.70', '39.80'),
(228, '2018-09-06', '18:49:14', '24.60', '39.50'),
(229, '2018-09-06', '18:51:14', '24.50', '37.60'),
(230, '2018-09-06', '18:53:13', '24.50', '39.30'),
(231, '2018-09-06', '18:55:13', '24.70', '38.80'),
(232, '2018-09-06', '18:57:13', '24.50', '36.80'),
(233, '2018-09-06', '18:59:13', '24.20', '35.80'),
(234, '2018-09-06', '19:01:13', '23.90', '35.80'),
(235, '2018-09-06', '19:03:13', '23.80', '35.60'),
(236, '2018-09-06', '19:05:13', '23.60', '35.50'),
(237, '2018-09-06', '19:07:13', '23.50', '35.30'),
(238, '2018-09-06', '19:09:13', '23.80', '37.00'),
(239, '2018-09-06', '19:11:13', '24.60', '36.90'),
(240, '2018-09-06', '19:13:13', '25.30', '37.50'),
(241, '2018-09-06', '19:15:13', '25.70', '35.60'),
(242, '2018-09-06', '19:17:12', '26.10', '35.70'),
(243, '2018-09-06', '19:19:12', '26.20', '35.60'),
(244, '2018-09-06', '19:21:12', '26.30', '35.80'),
(245, '2018-09-06', '19:23:12', '26.40', '35.60'),
(246, '2018-09-06', '19:25:12', '26.60', '37.00'),
(247, '2018-09-06', '19:27:12', '26.90', '36.30'),
(248, '2018-09-06', '19:29:12', '27.00', '36.30'),
(249, '2018-09-06', '19:31:12', '27.20', '35.90'),
(250, '2018-09-06', '19:33:12', '27.40', '36.20'),
(251, '2018-09-06', '19:35:12', '27.50', '36.90'),
(252, '2018-09-06', '19:37:12', '27.50', '37.10'),
(253, '2018-09-06', '19:39:12', '27.60', '37.20'),
(254, '2018-09-06', '19:41:11', '27.60', '36.30'),
(255, '2018-09-06', '19:43:11', '27.70', '36.30'),
(256, '2018-09-06', '19:45:11', '27.90', '37.60'),
(257, '2018-09-06', '19:47:11', '27.90', '38.40'),
(258, '2018-09-06', '19:49:11', '27.90', '37.20'),
(259, '2018-09-06', '19:51:11', '28.00', '37.30'),
(260, '2018-09-06', '19:53:11', '28.10', '37.50'),
(261, '2018-09-06', '19:55:11', '28.00', '37.30'),
(262, '2018-09-06', '19:57:11', '28.10', '39.00'),
(263, '2018-09-06', '19:59:11', '28.00', '37.50'),
(264, '2018-09-06', '20:01:11', '27.80', '38.50'),
(265, '2018-09-06', '20:03:11', '27.80', '38.50'),
(266, '2018-09-06', '20:05:11', '27.80', '38.60'),
(267, '2018-09-06', '20:07:10', '27.80', '38.90'),
(268, '2018-09-06', '20:09:10', '27.90', '41.10'),
(269, '2018-09-06', '20:11:10', '28.10', '39.90'),
(271, '2018-09-06', '20:13:10', '28.20', '40.20'),
(272, '2018-09-06', '20:15:10', '28.20', '39.20'),
(273, '2018-09-06', '20:17:10', '28.40', '39.60'),
(274, '2018-09-06', '20:19:10', '28.40', '39.70'),
(275, '2018-09-06', '20:21:10', '28.40', '40.10'),
(276, '2018-09-06', '20:23:10', '28.50', '41.40'),
(277, '2018-09-06', '20:25:10', '28.60', '40.60'),
(278, '2018-09-06', '20:27:10', '28.60', '41.80'),
(279, '2018-09-06', '20:29:10', '28.50', '42.90'),
(280, '2018-09-06', '20:31:10', '27.70', '41.80'),
(281, '2018-09-06', '20:33:09', '27.20', '41.70'),
(282, '2018-09-06', '20:35:09', '26.70', '43.10'),
(283, '2018-09-06', '20:37:09', '26.60', '41.30'),
(284, '2018-09-06', '20:39:09', '26.10', '39.90'),
(285, '2018-09-06', '20:41:09', '26.00', '41.60'),
(286, '2018-09-06', '20:43:09', '26.20', '40.90'),
(287, '2018-09-06', '20:45:09', '26.20', '39.80'),
(288, '2018-09-06', '20:47:09', '26.00', '40.30'),
(289, '2018-09-06', '20:49:09', '25.90', '38.60'),
(290, '2018-09-06', '20:51:09', '25.90', '38.00'),
(291, '2018-09-06', '20:53:09', '26.60', '37.60'),
(292, '2018-09-06', '20:55:09', '27.00', '37.60'),
(293, '2018-09-06', '20:57:08', '27.40', '37.20'),
(294, '2018-09-06', '20:59:08', '27.40', '36.90'),
(295, '2018-09-06', '21:01:08', '27.70', '38.30'),
(296, '2018-09-06', '21:03:08', '27.90', '37.30'),
(297, '2018-09-06', '21:05:08', '27.90', '39.20'),
(298, '2018-09-06', '21:07:08', '28.10', '39.30'),
(299, '2018-09-06', '21:09:08', '28.20', '38.40'),
(300, '2018-09-06', '21:11:08', '28.30', '38.70'),
(301, '2018-09-06', '21:13:08', '28.30', '41.30'),
(303, '2018-09-06', '21:15:08', '28.40', '40.20'),
(304, '2018-09-06', '21:17:08', '28.50', '38.60'),
(305, '2018-09-06', '21:19:08', '28.50', '39.40'),
(306, '2018-09-06', '21:21:08', '28.60', '40.60'),
(307, '2018-09-06', '21:23:07', '28.70', '40.40'),
(308, '2018-09-06', '21:25:07', '28.70', '40.60'),
(309, '2018-09-06', '21:27:07', '28.70', '40.20'),
(310, '2018-09-06', '21:29:07', '28.80', '40.40'),
(311, '2018-09-06', '21:31:07', '28.80', '41.00'),
(312, '2018-09-06', '21:33:07', '28.70', '40.40'),
(313, '2018-09-06', '21:35:07', '28.70', '42.00'),
(314, '2018-09-06', '21:37:07', '28.50', '42.10'),
(315, '2018-09-06', '21:39:07', '27.90', '44.60'),
(316, '2018-09-06', '21:41:07', '27.50', '42.40'),
(317, '2018-09-06', '21:43:07', '27.10', '42.00'),
(318, '2018-09-06', '21:45:07', '26.90', '41.00'),
(319, '2018-09-06', '21:47:07', '26.50', '40.80'),
(321, '2018-09-07', '12:11:16', '25.60', '48.20'),
(322, '2018-09-07', '12:13:16', '26.10', '41.80'),
(323, '2018-09-07', '12:15:16', '26.50', '39.70'),
(324, '2018-09-07', '12:17:16', '26.70', '39.20'),
(325, '2018-09-07', '12:19:16', '27.00', '40.60'),
(326, '2018-09-07', '12:21:16', '27.10', '39.50'),
(327, '2018-09-07', '12:23:16', '27.30', '40.10'),
(328, '2018-09-07', '12:25:16', '27.00', '39.30'),
(329, '2018-09-07', '12:27:16', '25.90', '39.50'),
(330, '2018-09-07', '12:29:15', '25.30', '39.90'),
(331, '2018-09-07', '12:31:15', '24.80', '39.50'),
(332, '2018-09-07', '12:33:15', '24.60', '39.80'),
(333, '2018-09-07', '12:35:15', '24.60', '39.90'),
(334, '2018-09-07', '12:37:15', '25.40', '39.40'),
(335, '2018-09-07', '12:39:15', '26.10', '38.80'),
(336, '2018-09-07', '12:41:15', '26.30', '38.50'),
(337, '2018-09-07', '12:43:15', '26.50', '37.90'),
(338, '2018-09-07', '12:45:15', '26.90', '38.10'),
(339, '2018-09-07', '12:47:15', '27.00', '37.80'),
(340, '2018-09-07', '12:49:15', '27.10', '39.50'),
(341, '2018-09-07', '12:51:15', '26.60', '39.10'),
(342, '2018-09-07', '12:53:15', '25.90', '39.00'),
(343, '2018-09-07', '12:55:14', '25.20', '38.60'),
(344, '2018-09-07', '12:57:14', '25.10', '39.50'),
(345, '2018-09-07', '12:59:14', '25.20', '38.00'),
(346, '2018-09-07', '13:01:14', '25.20', '37.60'),
(347, '2018-09-07', '13:03:14', '25.30', '37.10'),
(348, '2018-09-07', '13:05:14', '25.30', '36.80'),
(349, '2018-09-07', '13:07:14', '25.90', '37.00'),
(350, '2018-09-07', '15:49:34', '26.90', '44.50'),
(351, '2018-09-07', '15:51:34', '26.80', '45.00'),
(352, '2018-09-07', '15:53:34', '26.40', '44.60'),
(353, '2018-09-07', '15:55:34', '25.80', '44.60'),
(354, '2018-09-07', '15:57:34', '25.30', '43.50'),
(355, '2018-09-07', '15:59:33', '25.00', '43.20'),
(356, '2018-09-07', '16:01:33', '24.70', '42.80'),
(357, '2018-09-07', '16:03:33', '24.60', '42.50'),
(358, '2018-09-07', '16:05:33', '24.40', '42.00'),
(359, '2018-09-07', '16:07:33', '24.40', '42.40'),
(360, '2018-09-07', '16:09:33', '24.30', '42.50'),
(361, '2018-09-07', '16:11:33', '24.70', '41.20'),
(362, '2018-09-07', '16:13:33', '24.80', '41.00'),
(363, '2018-09-07', '16:15:33', '25.10', '40.00'),
(364, '2018-09-07', '16:17:33', '25.00', '39.60'),
(365, '2018-09-07', '16:19:33', '24.80', '38.90'),
(366, '2018-09-07', '16:21:32', '24.80', '39.20'),
(367, '2018-09-07', '16:23:32', '24.80', '38.50'),
(368, '2018-09-07', '16:25:32', '24.90', '37.60'),
(369, '2018-09-07', '16:27:32', '24.90', '38.10'),
(370, '2018-09-07', '16:29:32', '24.90', '37.70'),
(371, '2018-09-07', '16:31:32', '24.80', '36.80'),
(372, '2018-09-07', '16:33:32', '24.90', '37.30'),
(373, '2018-09-07', '16:35:32', '24.90', '37.40'),
(374, '2018-09-07', '16:37:32', '24.50', '35.50'),
(375, '2018-09-07', '16:39:32', '24.60', '36.90'),
(376, '2018-09-07', '16:41:32', '24.70', '36.10'),
(377, '2018-09-08', '13:34:05', '31.50', '32.30'),
(378, '2018-09-08', '13:47:28', '25.50', '39.30'),
(379, '2018-09-08', '13:48:59', '25.50', '39.00'),
(380, '2018-09-08', '17:40:16', '27.10', '51.30'),
(381, '2018-09-08', '17:40:57', '27.30', '51.70'),
(382, '2018-09-08', '17:42:57', '27.10', '50.10'),
(383, '2018-09-08', '17:44:57', '26.60', '51.00'),
(384, '2018-09-08', '17:46:57', '26.40', '52.00'),
(385, '2018-09-08', '17:48:57', '26.50', '51.40'),
(386, '2018-09-08', '17:50:57', '26.60', '50.40'),
(387, '2018-09-08', '17:52:57', '26.20', '48.60'),
(388, '2018-09-08', '17:54:57', '25.90', '48.40'),
(389, '2018-09-08', '17:56:56', '25.60', '47.50'),
(390, '2018-09-08', '17:58:56', '25.40', '46.40'),
(391, '2018-09-08', '18:00:56', '25.00', '46.00'),
(392, '2018-09-08', '18:02:56', '24.90', '45.10'),
(393, '2018-09-08', '18:04:56', '24.80', '44.40'),
(394, '2018-09-08', '18:06:56', '24.60', '44.10'),
(395, '2018-09-08', '18:08:56', '24.60', '43.40'),
(396, '2018-09-08', '18:10:56', '24.50', '42.90'),
(397, '2018-09-08', '18:12:56', '24.30', '42.10'),
(398, '2018-09-08', '18:20:19', '24.00', '41.20'),
(399, '2018-09-08', '18:22:19', '24.00', '40.80'),
(400, '2018-09-08', '18:24:19', '24.00', '40.30'),
(401, '2018-09-08', '18:26:19', '23.80', '40.00'),
(402, '2018-09-08', '18:28:19', '23.80', '39.60'),
(403, '2018-09-08', '18:30:19', '23.80', '39.50'),
(404, '2018-09-08', '18:32:18', '23.80', '39.20'),
(405, '2018-09-08', '18:34:18', '23.80', '38.70'),
(406, '2018-09-08', '18:36:18', '23.70', '38.50'),
(407, '2018-09-08', '18:38:18', '23.70', '39.10'),
(408, '2018-09-08', '18:40:18', '23.70', '38.60'),
(409, '2018-09-08', '18:42:18', '23.90', '38.50'),
(410, '2018-09-08', '18:44:18', '24.40', '38.40'),
(411, '2018-09-08', '18:46:18', '24.80', '37.80'),
(412, '2018-09-08', '18:48:18', '25.10', '37.80'),
(413, '2018-09-08', '18:50:18', '25.30', '39.40'),
(414, '2018-09-08', '18:52:18', '25.10', '39.30'),
(415, '2018-09-08', '18:54:17', '24.80', '40.00'),
(416, '2018-09-08', '18:56:17', '24.40', '40.10'),
(417, '2018-09-08', '18:58:17', '24.10', '39.30'),
(418, '2018-09-08', '19:00:17', '23.80', '38.90'),
(419, '2018-09-08', '19:02:17', '23.70', '38.60'),
(420, '2018-09-08', '19:04:17', '23.50', '38.10'),
(421, '2018-09-08', '19:06:17', '23.50', '37.90'),
(422, '2018-09-08', '19:08:17', '23.40', '37.60'),
(423, '2018-09-08', '19:10:17', '23.50', '37.10'),
(424, '2018-09-08', '19:12:17', '23.30', '36.60'),
(425, '2018-09-08', '19:14:17', '23.30', '36.50'),
(426, '2018-09-08', '19:16:16', '23.30', '36.10'),
(427, '2018-09-08', '19:18:16', '23.30', '35.70'),
(428, '2018-09-08', '19:20:16', '23.20', '35.20'),
(429, '2018-09-08', '19:22:16', '23.00', '35.30'),
(430, '2018-09-08', '19:24:16', '22.90', '35.10'),
(431, '2018-09-08', '19:26:16', '22.90', '34.90'),
(432, '2018-09-08', '19:28:16', '22.80', '34.70'),
(433, '2018-09-08', '19:30:16', '22.80', '35.30'),
(434, '2018-09-08', '19:32:16', '23.50', '35.30'),
(435, '2018-09-08', '19:34:16', '24.10', '34.30'),
(436, '2018-09-08', '19:36:16', '24.50', '34.00'),
(437, '2018-09-08', '19:38:15', '24.80', '34.00'),
(438, '2018-09-08', '19:40:15', '25.00', '34.30'),
(439, '2018-09-08', '19:42:15', '25.20', '35.20'),
(440, '2018-09-08', '19:44:15', '25.30', '35.20'),
(441, '2018-09-08', '19:46:15', '25.40', '36.20'),
(442, '2018-09-08', '19:48:15', '25.30', '37.20'),
(443, '2018-09-08', '19:50:15', '25.40', '37.60'),
(444, '2018-09-08', '19:52:15', '25.50', '37.70'),
(445, '2018-09-08', '19:54:15', '25.60', '38.20'),
(446, '2018-09-08', '19:56:15', '25.60', '38.40'),
(447, '2018-09-08', '19:58:15', '25.70', '39.40'),
(448, '2018-09-08', '20:00:15', '25.50', '39.90'),
(449, '2018-09-08', '20:02:14', '25.20', '39.60'),
(450, '2018-09-08', '20:04:14', '24.80', '39.90'),
(451, '2018-09-08', '20:06:14', '24.50', '38.90'),
(452, '2018-09-08', '20:08:14', '24.20', '38.60'),
(453, '2018-09-08', '20:10:14', '24.00', '38.10'),
(454, '2018-09-08', '20:12:14', '23.90', '37.80'),
(455, '2018-09-08', '20:14:14', '23.80', '37.60'),
(456, '2018-09-08', '20:16:14', '23.70', '37.10'),
(457, '2018-09-08', '20:18:14', '23.60', '36.70'),
(458, '2018-09-08', '20:20:14', '23.50', '36.70'),
(459, '2018-09-10', '12:50:05', '27.70', '41.80'),
(460, '2018-09-10', '12:52:05', '27.70', '39.70'),
(461, '2018-09-10', '12:54:05', '27.50', '41.30'),
(462, '2018-09-10', '12:55:07', '27.60', '40.50'),
(463, '2018-09-10', '12:57:07', '27.60', '39.50'),
(464, '2018-09-10', '12:59:07', '27.70', '39.60'),
(465, '2018-09-10', '13:01:07', '27.70', '40.60'),
(466, '2018-09-10', '13:03:07', '28.00', '41.20'),
(467, '2018-09-10', '13:05:07', '28.00', '43.20'),
(468, '2018-09-10', '13:07:07', '28.20', '42.60'),
(469, '2018-09-10', '13:09:07', '28.20', '42.10'),
(470, '2018-09-10', '13:11:07', '28.30', '40.90'),
(471, '2018-09-10', '13:13:07', '28.20', '39.30'),
(472, '2018-09-10', '13:15:06', '27.90', '39.50'),
(473, '2018-09-10', '13:17:06', '27.80', '39.90'),
(474, '2018-09-10', '13:19:06', '27.80', '40.10'),
(475, '2018-09-10', '13:21:06', '27.80', '41.30'),
(476, '2018-09-10', '13:23:06', '28.10', '41.40'),
(477, '2018-09-10', '13:25:06', '28.30', '40.70'),
(478, '2018-09-10', '13:27:06', '28.30', '41.00'),
(479, '2018-09-10', '13:29:06', '28.40', '42.00'),
(480, '2018-09-10', '13:31:06', '28.40', '43.00'),
(481, '2018-09-10', '13:33:06', '28.50', '40.70'),
(482, '2018-09-10', '13:35:06', '28.60', '41.50'),
(483, '2018-09-10', '13:37:06', '28.60', '43.90'),
(484, '2018-09-10', '13:39:06', '28.70', '42.90'),
(485, '2018-09-10', '13:41:06', '28.80', '44.10'),
(486, '2018-09-10', '13:43:05', '28.80', '43.40'),
(487, '2018-09-10', '13:45:05', '28.90', '43.60'),
(488, '2018-09-10', '13:47:05', '28.90', '44.20'),
(489, '2018-09-10', '13:49:05', '28.90', '43.10'),
(490, '2018-09-10', '13:51:05', '29.00', '42.70'),
(491, '2018-09-10', '13:53:05', '29.00', '41.60'),
(492, '2018-09-10', '13:55:05', '29.00', '42.30'),
(493, '2018-09-10', '13:57:05', '28.70', '42.50'),
(494, '2018-09-10', '13:59:05', '28.00', '40.70'),
(495, '2018-09-10', '14:01:05', '27.30', '42.20'),
(496, '2018-09-10', '14:03:05', '26.80', '41.00'),
(497, '2018-09-10', '14:05:05', '26.40', '41.70'),
(498, '2018-09-10', '14:07:04', '26.20', '41.20'),
(499, '2018-09-10', '14:09:04', '26.10', '41.60'),
(500, '2018-09-10', '14:11:04', '26.90', '41.50'),
(501, '2018-09-10', '14:13:04', '27.40', '41.80'),
(502, '2018-09-10', '14:15:04', '27.50', '40.30'),
(503, '2018-09-10', '14:17:04', '26.80', '39.20'),
(504, '2018-09-10', '14:19:04', '26.20', '39.90'),
(505, '2018-09-10', '14:21:04', '25.70', '39.00'),
(506, '2018-09-10', '14:23:04', '25.60', '38.50'),
(507, '2018-09-10', '14:25:04', '25.40', '38.30'),
(508, '2018-09-10', '14:27:04', '24.90', '38.00'),
(509, '2018-09-10', '14:29:04', '24.70', '37.80'),
(510, '2018-09-10', '14:31:04', '24.90', '37.20'),
(511, '2018-09-10', '14:33:03', '24.80', '38.00'),
(512, '2018-09-10', '14:35:03', '25.00', '37.10'),
(513, '2018-09-10', '14:37:03', '24.90', '36.10'),
(514, '2018-09-10', '14:39:03', '24.80', '35.70'),
(515, '2018-09-10', '14:41:03', '24.90', '36.90'),
(516, '2018-09-10', '14:43:03', '25.50', '35.60'),
(517, '2018-09-10', '14:45:03', '26.10', '38.30'),
(518, '2018-09-10', '14:47:03', '26.60', '35.70'),
(519, '2018-09-10', '14:49:03', '27.00', '36.20'),
(520, '2018-09-10', '14:51:03', '27.30', '35.90'),
(521, '2018-09-10', '14:53:03', '27.50', '34.60'),
(522, '2018-09-10', '14:55:03', '27.50', '36.40'),
(523, '2018-09-10', '14:57:02', '27.70', '37.60'),
(524, '2018-09-10', '14:59:02', '27.80', '37.60'),
(525, '2018-09-10', '15:01:02', '27.90', '37.30'),
(526, '2018-09-10', '15:03:02', '27.90', '37.10'),
(527, '2018-09-10', '15:05:02', '28.00', '36.40'),
(528, '2018-09-10', '15:07:02', '28.00', '37.10'),
(529, '2018-09-10', '15:09:02', '28.10', '37.20'),
(530, '2018-09-10', '15:11:02', '28.30', '38.30'),
(531, '2018-09-10', '15:13:02', '28.30', '37.10'),
(532, '2018-09-10', '15:15:02', '28.30', '37.90'),
(533, '2018-09-10', '15:17:02', '28.30', '36.60'),
(534, '2018-09-10', '15:19:02', '28.30', '37.30'),
(535, '2018-09-10', '15:21:02', '28.30', '37.40'),
(536, '2018-09-10', '15:23:01', '28.40', '38.50'),
(537, '2018-09-10', '15:25:01', '28.50', '38.20'),
(538, '2018-09-10', '15:27:01', '28.50', '38.80'),
(539, '2018-09-10', '15:29:01', '28.60', '38.90'),
(540, '2018-09-10', '15:31:01', '28.60', '36.60'),
(541, '2018-09-10', '15:33:01', '28.20', '38.10'),
(542, '2018-09-10', '15:35:01', '26.90', '37.60'),
(543, '2018-09-10', '15:37:01', '26.00', '38.20'),
(544, '2018-09-10', '15:39:01', '25.40', '38.20'),
(545, '2018-09-10', '15:41:01', '25.10', '38.20'),
(546, '2018-09-10', '15:43:01', '25.00', '38.30'),
(547, '2018-09-10', '15:45:01', '24.80', '37.60'),
(548, '2018-09-10', '15:47:01', '24.60', '37.20'),
(549, '2018-09-10', '15:49:00', '24.80', '39.50'),
(550, '2018-09-10', '15:51:00', '25.70', '37.80'),
(551, '2018-09-10', '15:53:00', '26.30', '37.00'),
(552, '2018-09-10', '15:55:00', '26.60', '35.90'),
(553, '2018-09-10', '15:57:00', '26.90', '38.60');

-- --------------------------------------------------------

--
-- Table structure for table `outdoor_data`
--

CREATE TABLE `outdoor_data` (
  `id` int(11) NOT NULL,
  `date` date DEFAULT NULL,
  `time` time DEFAULT NULL,
  `temperature` varchar(10) NOT NULL,
  `humidity` varchar(10) NOT NULL
) ENGINE=InnoDB DEFAULT CHARSET=utf8;

--
-- Dumping data for table `outdoor_data`
--

INSERT INTO `outdoor_data` (`id`, `date`, `time`, `temperature`, `humidity`) VALUES
(1, '2018-09-04', '21:50:27', '25.90', '47.20'),
(2, '2018-09-04', '21:55:27', '26.10', '57.40'),
(3, '2018-09-04', '22:00:27', '26.20', '60.40'),
(4, '2018-09-04', '22:10:32', '26.00', '60.50'),
(5, '2018-09-04', '22:15:33', '26.00', '60.30'),
(6, '2018-09-04', '22:20:33', '25.90', '60.50'),
(7, '2018-09-04', '22:25:33', '25.80', '60.80'),
(8, '2018-09-04', '22:30:33', '25.60', '60.80'),
(9, '2018-09-04', '22:35:34', '25.50', '61.20'),
(10, '2018-09-04', '22:40:34', '25.60', '60.80'),
(11, '2018-09-04', '22:45:34', '25.60', '60.60'),
(12, '2018-09-04', '22:50:34', '25.40', '60.60'),
(13, '2018-09-04', '22:55:35', '25.40', '60.60'),
(14, '2018-09-04', '23:00:35', '25.30', '60.90'),
(15, '2018-09-04', '23:05:35', '25.30', '61.00'),
(16, '2018-09-04', '23:10:36', '25.20', '61.40'),
(17, '2018-09-04', '23:15:36', '25.00', '61.90'),
(18, '2018-09-04', '23:20:36', '25.00', '61.80'),
(19, '2018-09-04', '23:25:36', '25.00', '62.20'),
(20, '2018-09-04', '23:30:37', '24.80', '62.50'),
(21, '2018-09-04', '23:35:37', '24.80', '62.50'),
(22, '2018-09-04', '23:40:37', '24.70', '62.80'),
(23, '2018-09-04', '23:45:37', '24.60', '62.80'),
(24, '2018-09-04', '23:50:38', '24.80', '62.30'),
(25, '2018-09-04', '23:55:38', '24.50', '62.70'),
(26, '2018-09-05', '00:00:38', '24.60', '62.50'),
(27, '2018-09-05', '00:05:38', '24.40', '62.60'),
(28, '2018-09-05', '00:10:39', '24.40', '63.00'),
(29, '2018-09-05', '00:15:39', '24.30', '63.20'),
(30, '2018-09-05', '00:20:39', '24.30', '63.50'),
(31, '2018-09-05', '00:25:40', '24.20', '63.70'),
(32, '2018-09-05', '00:30:40', '24.10', '63.60'),
(33, '2018-09-05', '00:35:40', '24.10', '63.40'),
(34, '2018-09-05', '00:40:40', '24.10', '63.40'),
(35, '2018-09-05', '00:45:41', '24.10', '63.20'),
(36, '2018-09-05', '00:50:41', '24.00', '63.50'),
(37, '2018-09-05', '00:55:41', '24.00', '63.80'),
(38, '2018-09-05', '01:00:41', '24.00', '64.70'),
(39, '2018-09-05', '01:05:42', '23.90', '64.40'),
(40, '2018-09-05', '01:10:42', '23.90', '64.40'),
(41, '2018-09-05', '01:15:42', '24.00', '63.80'),
(42, '2018-09-05', '01:20:43', '24.10', '63.30'),
(43, '2018-09-05', '01:25:43', '24.00', '63.50'),
(44, '2018-09-05', '01:30:43', '23.90', '63.80'),
(45, '2018-09-05', '01:35:43', '23.80', '64.10'),
(46, '2018-09-05', '01:40:44', '23.70', '64.40'),
(47, '2018-09-05', '01:45:44', '23.60', '64.80'),
(48, '2018-09-05', '01:50:44', '23.60', '65.00'),
(49, '2018-09-05', '02:06:24', '24.20', '55.40'),
(50, '2018-09-05', '02:07:06', '24.50', '56.10'),
(51, '2018-09-05', '02:17:12', '23.80', '63.70'),
(52, '2018-09-05', '02:22:12', '23.50', '64.90'),
(53, '2018-09-05', '02:27:13', '23.60', '64.40'),
(54, '2018-09-05', '02:32:13', '23.40', '65.50'),
(55, '2018-09-05', '02:37:13', '23.40', '65.40'),
(56, '2018-09-05', '02:42:13', '23.30', '66.00'),
(57, '2018-09-05', '02:47:14', '23.40', '65.50'),
(58, '2018-09-05', '02:52:14', '23.50', '65.30'),
(59, '2018-09-05', '02:57:14', '23.50', '65.20'),
(60, '2018-09-05', '03:02:14', '23.50', '65.00'),
(61, '2018-09-05', '03:07:15', '23.40', '65.50'),
(62, '2018-09-05', '03:12:15', '23.40', '65.10'),
(63, '2018-09-05', '03:17:15', '23.40', '65.40'),
(64, '2018-09-05', '09:42:26', '26.80', '53.00'),
(65, '2018-09-05', '09:47:26', '26.80', '52.10'),
(66, '2018-09-05', '09:52:26', '27.10', '50.60'),
(67, '2018-09-05', '09:57:27', '27.00', '51.40'),
(68, '2018-09-05', '10:02:27', '27.10', '51.10'),
(69, '2018-09-05', '10:07:27', '27.60', '49.10'),
(70, '2018-09-05', '10:12:27', '27.50', '49.90'),
(71, '2018-09-05', '10:17:28', '27.40', '50.00'),
(72, '2018-09-05', '10:42:34', '28.80', '45.70'),
(73, '2018-09-05', '10:47:34', '29.20', '45.00'),
(74, '2018-09-05', '10:52:35', '29.30', '44.90'),
(75, '2018-09-05', '10:57:35', '29.30', '44.90'),
(76, '2018-09-05', '11:02:35', '29.80', '43.40'),
(77, '2018-09-05', '11:07:35', '29.80', '44.70'),
(78, '2018-09-05', '11:12:36', '29.80', '44.60'),
(79, '2018-09-05', '11:17:36', '30.20', '43.60'),
(80, '2018-09-05', '11:22:36', '30.10', '43.50'),
(81, '2018-09-05', '11:27:36', '30.30', '42.40'),
(82, '2018-09-05', '11:32:37', '30.30', '42.20'),
(83, '2018-09-05', '11:37:37', '30.30', '42.70'),
(84, '2018-09-05', '11:42:37', '30.40', '42.80'),
(85, '2018-09-05', '11:47:38', '30.90', '41.50'),
(86, '2018-09-05', '11:52:38', '30.90', '41.90'),
(87, '2018-09-05', '11:57:38', '31.00', '41.80'),
(88, '2018-09-05', '12:02:38', '30.70', '42.00'),
(89, '2018-09-05', '12:07:39', '31.10', '41.70'),
(90, '2018-09-05', '12:12:39', '31.20', '40.70'),
(91, '2018-09-05', '12:17:39', '31.30', '41.50'),
(92, '2018-09-05', '14:41:04', '26.00', '39.90'),
(93, '2018-09-05', '14:42:02', '25.90', '47.90'),
(94, '2018-09-05', '14:47:02', '26.10', '55.20'),
(95, '2018-09-05', '14:52:02', '27.00', '56.40'),
(96, '2018-09-05', '14:57:03', '27.10', '57.50'),
(97, '2018-09-05', '15:02:03', '27.10', '57.50'),
(98, '2018-09-05', '15:07:03', '26.60', '54.00'),
(99, '2018-09-05', '15:12:03', '27.10', '52.70'),
(100, '2018-09-05', '15:17:04', '27.20', '48.70'),
(101, '2018-09-05', '15:22:04', '26.80', '45.30'),
(102, '2018-09-05', '15:27:04', '26.50', '46.20'),
(103, '2018-09-05', '15:32:05', '26.40', '45.70'),
(104, '2018-09-05', '15:37:05', '26.10', '46.70'),
(105, '2018-09-05', '15:42:05', '25.30', '48.70'),
(106, '2018-09-05', '15:47:05', '25.20', '48.50'),
(107, '2018-09-05', '15:52:06', '24.70', '50.00'),
(108, '2018-09-05', '15:57:06', '24.50', '51.70'),
(109, '2018-09-05', '16:02:06', '24.30', '54.00'),
(110, '2018-09-05', '16:07:06', '24.10', '55.90'),
(111, '2018-09-05', '16:12:07', '24.10', '56.90'),
(112, '2018-09-05', '16:17:07', '24.40', '53.70'),
(113, '2018-09-05', '16:22:07', '24.30', '52.30'),
(114, '2018-09-05', '16:27:08', '23.90', '52.80'),
(115, '2018-09-05', '16:32:08', '23.90', '53.20'),
(116, '2018-09-05', '16:37:08', '23.40', '56.30'),
(117, '2018-09-05', '16:42:08', '23.30', '57.80'),
(118, '2018-09-05', '16:47:09', '23.10', '60.80'),
(119, '2018-09-05', '16:52:09', '22.50', '65.40'),
(120, '2018-09-05', '16:57:09', '22.70', '65.30'),
(121, '2018-09-05', '17:02:09', '22.70', '65.50'),
(122, '2018-09-05', '17:07:10', '22.60', '65.70'),
(123, '2018-09-05', '17:12:10', '22.60', '65.30'),
(124, '2018-09-05', '17:17:10', '22.60', '64.10'),
(125, '2018-09-05', '17:22:10', '23.00', '61.50'),
(126, '2018-09-05', '17:27:11', '23.10', '61.50'),
(127, '2018-09-05', '17:32:11', '23.00', '61.70'),
(128, '2018-09-05', '17:37:11', '23.40', '60.20'),
(129, '2018-09-05', '17:42:12', '23.10', '61.70'),
(130, '2018-09-05', '17:47:12', '22.80', '63.90'),
(131, '2018-09-05', '17:52:12', '22.70', '64.70'),
(132, '2018-09-05', '17:57:12', '22.60', '64.20'),
(133, '2018-09-05', '18:02:13', '22.70', '64.30'),
(134, '2018-09-05', '18:07:13', '22.60', '64.70'),
(135, '2018-09-05', '18:12:13', '22.50', '65.00'),
(136, '2018-09-05', '18:17:13', '22.60', '64.20'),
(137, '2018-09-05', '18:22:14', '22.80', '62.00'),
(138, '2018-09-05', '18:27:14', '22.50', '62.30'),
(139, '2018-09-05', '18:32:14', '22.70', '61.40'),
(140, '2018-09-05', '18:37:15', '23.00', '59.60'),
(141, '2018-09-05', '18:42:15', '23.10', '57.80'),
(142, '2018-09-05', '18:47:15', '23.30', '57.30'),
(143, '2018-09-05', '18:52:15', '22.90', '58.50'),
(144, '2018-09-05', '18:57:16', '22.80', '60.20'),
(145, '2018-09-05', '19:02:16', '22.70', '61.20'),
(146, '2018-09-05', '19:07:16', '22.60', '60.90'),
(147, '2018-09-05', '19:12:16', '22.70', '59.70'),
(148, '2018-09-05', '20:03:04', '22.10', '65.70'),
(149, '2018-09-05', '20:08:04', '22.30', '63.80'),
(150, '2018-09-05', '20:13:05', '22.30', '62.70'),
(151, '2018-09-05', '20:18:05', '22.20', '62.70'),
(152, '2018-09-05', '20:23:05', '22.20', '63.30'),
(153, '2018-09-05', '20:28:05', '22.10', '64.30'),
(154, '2018-09-05', '20:33:06', '22.00', '65.20'),
(155, '2018-09-05', '20:38:06', '22.10', '65.30'),
(156, '2018-09-05', '20:43:06', '21.90', '66.10'),
(157, '2018-09-05', '20:48:07', '22.00', '65.80'),
(158, '2018-09-05', '20:53:07', '22.00', '65.90'),
(159, '2018-09-05', '20:58:07', '22.30', '65.40'),
(160, '2018-09-05', '21:03:07', '22.40', '64.70'),
(161, '2018-09-05', '21:08:08', '22.40', '64.80'),
(162, '2018-09-05', '21:13:08', '22.30', '64.60'),
(163, '2018-09-05', '21:18:08', '22.20', '64.80'),
(164, '2018-09-05', '21:23:08', '21.80', '65.50'),
(165, '2018-09-05', '21:28:09', '22.00', '64.30'),
(166, '2018-09-05', '21:33:09', '21.80', '64.70'),
(167, '2018-09-05', '21:38:09', '22.00', '64.90'),
(168, '2018-09-05', '21:43:13', '22.10', '64.00'),
(169, '2018-09-05', '21:48:14', '22.00', '65.20'),
(170, '2018-09-05', '21:53:14', '22.00', '65.70'),
(171, '2018-09-05', '21:58:14', '21.90', '66.20'),
(172, '2018-09-05', '22:03:15', '21.70', '66.90'),
(173, '2018-09-05', '22:08:15', '21.60', '67.50'),
(174, '2018-09-05', '22:13:15', '21.70', '67.20'),
(175, '2018-09-05', '22:18:15', '21.70', '67.20'),
(176, '2018-09-05', '22:23:16', '21.40', '67.30'),
(177, '2018-09-05', '22:28:16', '21.70', '67.60'),
(178, '2018-09-05', '22:33:16', '21.20', '69.00'),
(179, '2018-09-05', '22:38:16', '21.20', '69.70'),
(180, '2018-09-05', '22:43:17', '21.00', '69.80'),
(181, '2018-09-05', '22:48:17', '21.10', '69.10'),
(182, '2018-09-05', '22:53:17', '21.30', '67.50'),
(183, '2018-09-05', '22:58:18', '20.90', '68.60'),
(184, '2018-09-05', '23:03:18', '21.00', '68.60'),
(185, '2018-09-05', '23:08:18', '21.00', '68.50'),
(186, '2018-09-05', '23:13:18', '20.70', '69.60'),
(187, '2018-09-05', '23:18:19', '20.70', '70.10'),
(188, '2018-09-05', '23:23:19', '20.70', '70.10'),
(189, '2018-09-05', '23:28:19', '20.90', '69.80'),
(190, '2018-09-05', '23:33:19', '21.00', '69.20'),
(191, '2018-09-05', '23:38:20', '20.80', '69.60'),
(192, '2018-09-05', '23:43:20', '20.80', '69.80'),
(193, '2018-09-05', '23:48:20', '20.70', '69.80'),
(194, '2018-09-05', '23:53:21', '20.60', '69.60'),
(195, '2018-09-05', '23:58:21', '20.70', '69.40'),
(196, '2018-09-06', '00:03:21', '20.60', '69.90'),
(197, '2018-09-06', '00:08:21', '20.70', '69.30'),
(198, '2018-09-06', '00:13:22', '20.50', '69.60'),
(199, '2018-09-06', '00:18:22', '20.50', '70.20'),
(200, '2018-09-06', '00:23:22', '20.40', '70.50'),
(201, '2018-09-06', '00:28:22', '20.40', '70.20'),
(202, '2018-09-06', '00:33:23', '20.60', '69.40'),
(203, '2018-09-06', '00:38:23', '20.80', '68.20'),
(204, '2018-09-06', '00:43:23', '20.70', '68.30'),
(205, '2018-09-06', '00:48:24', '20.70', '67.90'),
(206, '2018-09-06', '00:53:24', '20.70', '68.40'),
(207, '2018-09-06', '00:58:24', '20.70', '68.30'),
(208, '2018-09-06', '01:03:24', '20.60', '68.70'),
(209, '2018-09-06', '01:08:25', '20.60', '69.00'),
(210, '2018-09-06', '01:13:25', '20.50', '69.00'),
(211, '2018-09-06', '01:18:25', '20.60', '69.20'),
(212, '2018-09-06', '01:23:25', '20.40', '69.70'),
(213, '2018-09-06', '01:28:26', '20.30', '69.80'),
(214, '2018-09-06', '01:33:26', '20.40', '69.20'),
(215, '2018-09-06', '01:38:26', '20.50', '69.10'),
(216, '2018-09-06', '01:43:26', '20.40', '69.60'),
(217, '2018-09-06', '01:48:27', '20.40', '69.40'),
(218, '2018-09-06', '21:48:24', '26.90', '47.10'),
(219, '2018-09-06', '21:53:25', '26.80', '49.90'),
(220, '2018-09-06', '21:58:25', '24.80', '56.40'),
(221, '2018-09-06', '22:03:25', '24.40', '57.70'),
(222, '2018-09-06', '22:08:25', '24.10', '58.70'),
(223, '2018-09-06', '22:13:26', '23.60', '60.40'),
(224, '2018-09-06', '22:18:26', '23.40', '61.50'),
(225, '2018-09-06', '22:23:26', '23.40', '61.30'),
(226, '2018-09-07', '01:21:22', '21.00', '66.80'),
(227, '2018-09-07', '01:26:23', '21.00', '67.20'),
(228, '2018-09-07', '01:31:23', '20.80', '67.00'),
(229, '2018-09-07', '01:36:23', '20.70', '67.30'),
(230, '2018-09-07', '01:41:24', '20.50', '68.30'),
(231, '2018-09-07', '01:46:24', '21.10', '66.00'),
(232, '2018-09-07', '01:51:24', '20.70', '66.90'),
(233, '2018-09-07', '01:56:24', '20.70', '66.70'),
(234, '2018-09-07', '16:42:30', '25.80', '43.80'),
(235, '2018-09-07', '16:47:30', '26.20', '53.40'),
(236, '2018-09-07', '16:52:30', '28.00', '55.10'),
(237, '2018-09-07', '16:57:31', '28.70', '54.10'),
(238, '2018-09-07', '17:02:31', '29.10', '52.50'),
(239, '2018-09-07', '17:07:31', '29.40', '52.30'),
(240, '2018-09-07', '17:12:32', '29.40', '51.70'),
(241, '2018-09-07', '17:17:32', '29.40', '51.50'),
(242, '2018-09-07', '17:22:32', '29.40', '51.50'),
(243, '2018-09-07', '17:27:32', '29.40', '51.20'),
(244, '2018-09-07', '17:32:33', '29.20', '51.70'),
(245, '2018-09-07', '17:37:33', '29.10', '51.60'),
(246, '2018-09-07', '17:42:33', '29.10', '51.70'),
(247, '2018-09-07', '17:47:33', '28.90', '52.30'),
(248, '2018-09-07', '17:52:34', '29.00', '51.90'),
(249, '2018-09-07', '17:57:34', '28.90', '51.90'),
(250, '2018-09-07', '18:02:34', '28.90', '51.70'),
(251, '2018-09-07', '18:07:35', '28.80', '52.10'),
(252, '2018-09-07', '18:12:35', '28.60', '52.60'),
(253, '2018-09-07', '18:17:35', '28.50', '52.90'),
(254, '2018-09-07', '18:22:35', '28.20', '53.10'),
(255, '2018-09-07', '18:27:36', '28.20', '53.50'),
(256, '2018-09-07', '18:32:36', '27.90', '53.70'),
(257, '2018-09-07', '18:37:36', '27.90', '53.90'),
(258, '2018-09-07', '18:42:36', '27.80', '53.70'),
(259, '2018-09-07', '18:47:37', '27.80', '53.90'),
(260, '2018-09-07', '18:52:37', '27.80', '53.00'),
(261, '2018-09-07', '18:57:37', '27.60', '51.10'),
(262, '2018-09-07', '19:02:38', '27.20', '54.80'),
(263, '2018-09-07', '19:07:38', '26.80', '55.90'),
(264, '2018-09-07', '19:12:38', '26.30', '56.50'),
(265, '2018-09-07', '19:17:38', '26.20', '56.80'),
(266, '2018-09-07', '19:22:39', '25.70', '59.10'),
(267, '2018-09-07', '19:27:39', '25.40', '60.60'),
(268, '2018-09-07', '19:32:39', '25.10', '61.60'),
(269, '2018-09-07', '19:37:39', '24.90', '60.20'),
(270, '2018-09-07', '19:42:40', '24.90', '56.80'),
(271, '2018-09-07', '19:47:40', '24.90', '55.60'),
(272, '2018-09-07', '19:52:40', '24.70', '56.20'),
(273, '2018-09-07', '19:57:41', '24.70', '55.60'),
(274, '2018-09-07', '20:02:41', '24.60', '55.10'),
(275, '2018-09-07', '20:07:41', '24.60', '54.90'),
(276, '2018-09-07', '20:12:41', '24.60', '54.50'),
(277, '2018-09-07', '20:17:42', '24.60', '53.40'),
(278, '2018-09-07', '20:22:45', '24.80', '53.50'),
(279, '2018-09-07', '20:27:45', '24.70', '53.80'),
(280, '2018-09-07', '20:32:45', '25.00', '53.10'),
(281, '2018-09-07', '20:37:45', '24.80', '53.90'),
(282, '2018-09-07', '20:42:46', '24.30', '55.30'),
(283, '2018-09-07', '20:47:46', '24.20', '56.20'),
(284, '2018-09-07', '20:52:46', '24.10', '56.60'),
(285, '2018-09-07', '20:57:47', '23.90', '56.80'),
(286, '2018-09-08', '11:40:36', '26.70', '46.90'),
(287, '2018-09-08', '11:45:36', '28.70', '37.60'),
(288, '2018-09-08', '11:50:39', '29.50', '34.10'),
(289, '2018-09-08', '11:55:39', '30.10', '34.00'),
(290, '2018-09-08', '12:00:40', '30.50', '31.90'),
(291, '2018-09-08', '12:05:40', '30.70', '30.90'),
(292, '2018-09-08', '12:10:40', '30.90', '30.40'),
(293, '2018-09-08', '12:15:40', '31.00', '29.80'),
(294, '2018-09-08', '12:20:41', '31.40', '30.00'),
(295, '2018-09-08', '12:25:41', '31.50', '30.00'),
(296, '2018-09-08', '12:30:41', '31.40', '29.90'),
(297, '2018-09-08', '12:35:41', '31.70', '29.60'),
(298, '2018-09-08', '12:40:42', '31.80', '29.60'),
(299, '2018-09-08', '12:45:42', '32.00', '28.90'),
(300, '2018-09-08', '12:50:42', '32.00', '28.90'),
(301, '2018-09-08', '12:55:43', '32.40', '28.80'),
(302, '2018-09-08', '13:00:43', '32.50', '28.40'),
(303, '2018-09-08', '13:05:43', '32.90', '27.60'),
(304, '2018-09-08', '13:10:43', '32.50', '27.70'),
(305, '2018-09-08', '13:15:44', '31.70', '28.70'),
(306, '2018-09-08', '13:20:44', '31.90', '28.50'),
(307, '2018-09-08', '13:25:44', '32.70', '27.60'),
(308, '2018-09-08', '13:30:44', '32.70', '27.30'),
(309, '2018-09-08', '13:55:24', '25.80', '38.70'),
(310, '2018-09-08', '13:56:24', '26.50', '36.10'),
(311, '2018-09-08', '14:01:24', '26.50', '34.60'),
(312, '2018-09-08', '14:03:01', '27.80', '37.00'),
(313, '2018-09-08', '14:03:47', '28.00', '39.30'),
(314, '2018-09-08', '14:04:30', '28.00', '37.40'),
(315, '2018-09-08', '14:05:36', '28.10', '38.00'),
(316, '2018-09-08', '14:06:20', '28.20', '39.80'),
(317, '2018-09-08', '14:17:17', '25.40', '36.90'),
(318, '2018-09-08', '14:18:46', '25.40', '38.30'),
(319, '2018-09-08', '14:23:46', '25.70', '40.40'),
(320, '2018-09-08', '14:28:46', '30.00', '33.50'),
(321, '2018-09-08', '14:33:47', '30.70', '32.50'),
(322, '2018-09-08', '14:38:47', '30.60', '32.50'),
(323, '2018-09-08', '14:43:47', '30.30', '32.60'),
(324, '2018-09-08', '14:48:47', '29.70', '33.20'),
(325, '2018-09-08', '14:53:48', '29.30', '33.40'),
(326, '2018-09-08', '14:58:48', '29.30', '34.60'),
(327, '2018-09-08', '15:03:48', '27.40', '49.70'),
(328, '2018-09-08', '15:08:48', '25.70', '58.50'),
(329, '2018-09-08', '15:13:49', '25.30', '56.40'),
(330, '2018-09-08', '15:18:49', '26.00', '53.10'),
(331, '2018-09-08', '15:23:49', '25.90', '58.40'),
(332, '2018-09-08', '15:28:50', '25.40', '64.10'),
(333, '2018-09-08', '15:33:50', '25.00', '63.20'),
(334, '2018-09-08', '15:38:50', '25.70', '59.30'),
(335, '2018-09-08', '15:43:50', '24.90', '67.20'),
(336, '2018-09-08', '15:48:51', '24.40', '64.50'),
(337, '2018-09-08', '15:53:51', '24.30', '61.60'),
(338, '2018-09-08', '15:58:51', '24.60', '64.20'),
(339, '2018-09-08', '16:03:51', '24.40', '64.40'),
(340, '2018-09-08', '16:08:52', '24.40', '65.90'),
(341, '2018-09-08', '16:13:52', '24.50', '63.70'),
(342, '2018-09-08', '16:18:52', '24.50', '65.90'),
(343, '2018-09-08', '16:23:53', '24.70', '63.50'),
(344, '2018-09-08', '16:28:53', '24.90', '62.70'),
(345, '2018-09-08', '16:33:53', '25.00', '60.40'),
(346, '2018-09-08', '16:38:53', '25.20', '61.10'),
(347, '2018-09-08', '16:43:54', '25.40', '58.10'),
(348, '2018-09-08', '16:48:54', '25.20', '59.90'),
(349, '2018-09-08', '16:53:54', '25.20', '63.10'),
(350, '2018-09-08', '16:58:54', '25.30', '62.30'),
(351, '2018-09-08', '17:03:55', '25.50', '58.60'),
(352, '2018-09-08', '17:08:55', '25.70', '56.20'),
(353, '2018-09-08', '17:13:55', '25.80', '53.80'),
(354, '2018-09-08', '17:18:56', '26.00', '52.80'),
(355, '2018-09-08', '17:23:56', '25.90', '54.40'),
(356, '2018-09-08', '17:28:56', '25.80', '55.50'),
(357, '2018-09-08', '17:33:56', '26.00', '54.60'),
(358, '2018-09-09', '23:25:08', '25.20', '48.10'),
(359, '2018-09-09', '23:30:08', '24.50', '49.40'),
(360, '2018-09-09', '23:35:08', '24.30', '50.10'),
(361, '2018-09-09', '23:40:09', '24.00', '51.00'),
(362, '2018-09-09', '23:45:09', '23.80', '51.80'),
(363, '2018-09-09', '23:50:09', '23.70', '51.70'),
(364, '2018-09-09', '23:55:09', '23.70', '51.70'),
(365, '2018-09-10', '00:00:10', '23.80', '51.70'),
(366, '2018-09-10', '00:05:11', '23.80', '51.40'),
(367, '2018-09-10', '00:10:11', '23.80', '51.20'),
(368, '2018-09-10', '00:15:11', '23.80', '51.10'),
(369, '2018-09-10', '00:20:11', '23.90', '51.00'),
(370, '2018-09-10', '00:25:12', '23.50', '51.80'),
(371, '2018-09-10', '00:30:12', '23.70', '52.20'),
(372, '2018-09-10', '00:35:12', '23.50', '53.20'),
(373, '2018-09-10', '00:40:12', '23.50', '52.40'),
(374, '2018-09-10', '00:45:13', '23.50', '52.40'),
(375, '2018-09-10', '00:50:13', '23.60', '52.10'),
(376, '2018-09-10', '00:55:13', '23.60', '52.40'),
(377, '2018-09-10', '01:00:13', '23.20', '53.20'),
(378, '2018-09-10', '01:05:14', '23.10', '53.10'),
(379, '2018-09-10', '01:10:14', '23.10', '52.70'),
(380, '2018-09-10', '01:15:14', '23.10', '52.00'),
(381, '2018-09-10', '01:20:15', '23.20', '51.70'),
(382, '2018-09-10', '01:25:15', '23.30', '51.50'),
(383, '2018-09-10', '01:30:15', '23.20', '51.60'),
(384, '2018-09-10', '01:35:15', '23.10', '52.00'),
(385, '2018-09-10', '01:40:16', '23.00', '52.50'),
(386, '2018-09-10', '01:45:16', '22.60', '53.30'),
(387, '2018-09-10', '01:50:16', '22.50', '52.80'),
(388, '2018-09-10', '01:55:16', '22.70', '52.00'),
(389, '2018-09-10', '02:00:17', '22.80', '52.00'),
(390, '2018-09-10', '02:05:17', '22.80', '52.40'),
(391, '2018-09-10', '02:10:17', '22.60', '51.90'),
(392, '2018-09-10', '02:15:18', '22.50', '51.50'),
(393, '2018-09-10', '02:20:18', '22.40', '51.50'),
(394, '2018-09-10', '02:25:18', '22.30', '52.00'),
(395, '2018-09-10', '15:58:08', '27.50', '38.10'),
(396, '2018-09-10', '16:03:10', '27.60', '36.50'),
(397, '2018-09-10', '16:08:10', '28.40', '34.20');

-- --------------------------------------------------------

--
-- Table structure for table `users`
--

CREATE TABLE `users` (
  `id` int(11) NOT NULL,
  `username` varchar(50) NOT NULL,
  `email` varchar(255) NOT NULL,
  `adminuser` varchar(255) DEFAULT 'yes',
  `password` varchar(255) NOT NULL,
  `created_at` datetime DEFAULT CURRENT_TIMESTAMP
) ENGINE=InnoDB DEFAULT CHARSET=utf8;

--
-- Dumping data for table `users`
--

INSERT INTO `users` (`id`, `username`, `email`, `adminuser`, `password`, `created_at`) VALUES
(1, 'Stefanos Missin', 'admin@stefanosmissin.com', 'yes', '$2y$10$zaJs5KuuYGLMdgGxd2VbwOZStgzDX11JNOFeAzxaTMte06GSAhsNa', '2018-08-07 17:30:35'),
(2, 'Christina Parra', 'xristinaparra1995@gmail.com', 'yes', '$2y$10$2ZgDSTpTQRMzZKBatahiX.qNDfVa3QucGgjvN5jXN5tanwmrQ0mxa', '2018-08-07 17:31:16'),
(6, 'Test User', 'test@test.com', 'no', '$2y$10$wML7xWtuOAsP.Q0fPTO6xO4yQkfywF4V4jsZsBgizYS7u7pJ0Mx9G', '2018-09-07 19:49:54');

-- --------------------------------------------------------

--
-- Table structure for table `user_log`
--

CREATE TABLE `user_log` (
  `id` int(11) NOT NULL,
  `user_id` varchar(20) NOT NULL,
  `date` date DEFAULT NULL,
  `time` time DEFAULT NULL,
  `log` varchar(100) NOT NULL
) ENGINE=InnoDB DEFAULT CHARSET=utf8;

--
-- Dumping data for table `user_log`
--

INSERT INTO `user_log` (`id`, `user_id`, `date`, `time`, `log`) VALUES
(1, '1', '2018-09-08', '17:20:12', 'Logged In'),
(2, '1', '2018-09-08', '17:20:52', 'Logged Out'),
(3, '1', '2018-09-08', '17:20:53', 'Logged In'),
(4, '1', '2018-09-08', '18:13:33', 'Logged In'),
(5, '1', '2018-09-08', '18:34:25', 'Logged Out'),
(6, '1', '2018-09-08', '18:34:28', 'Logged In'),
(7, '1', '2018-09-08', '18:37:07', 'Logged In'),
(8, '1', '2018-09-08', '18:47:22', 'Logged In'),
(9, '1', '2018-09-08', '19:37:48', 'Logged Out'),
(10, '1', '2018-09-08', '19:37:53', 'Logged In'),
(11, '1', '2018-09-08', '19:38:11', 'Logged In'),
(12, '1', '2018-09-08', '19:49:19', 'Logged Out'),
(13, '1', '2018-09-08', '19:50:25', 'Logged In'),
(14, '1', '2018-09-08', '20:17:47', 'Logged In'),
(15, '1', '2018-09-08', '21:13:29', 'Logged In'),
(16, '1', '2018-09-08', '21:15:59', 'Logged In'),
(17, '1', '2018-09-08', '21:16:52', 'Logged Out'),
(18, '1', '2018-09-09', '23:20:44', 'Logged In'),
(19, '1', '2018-09-09', '23:38:00', 'Logged In'),
(20, '1', '2018-09-09', '23:40:49', 'Logged In'),
(21, '1', '2018-09-10', '00:38:44', 'Logged In'),
(22, '1', '2018-09-10', '00:56:09', 'Logged In'),
(23, '1', '2018-09-10', '12:27:54', 'Logged In'),
(24, '1', '2018-09-10', '12:34:00', 'Logged In'),
(25, '1', '2018-09-10', '13:43:38', 'Logged In'),
(26, '1', '2018-09-10', '13:45:43', 'Logged In'),
(27, '1', '2018-09-10', '14:09:37', 'Logged Out'),
(28, '1', '2018-09-10', '14:09:46', 'Logged In'),
(29, '1', '2018-09-10', '14:45:09', 'Logged In'),
(30, '1', '2018-09-10', '15:55:28', 'Logged Out'),
(31, '6', '2018-09-10', '15:55:41', 'Logged In');

--
-- Indexes for dumped tables
--

--
-- Indexes for table `devices_states`
--
ALTER TABLE `devices_states`
  ADD PRIMARY KEY (`id`);

--
-- Indexes for table `indoor_data`
--
ALTER TABLE `indoor_data`
  ADD PRIMARY KEY (`id`);

--
-- Indexes for table `outdoor_data`
--
ALTER TABLE `outdoor_data`
  ADD PRIMARY KEY (`id`);

--
-- Indexes for table `users`
--
ALTER TABLE `users`
  ADD PRIMARY KEY (`id`),
  ADD UNIQUE KEY `username` (`username`);

--
-- Indexes for table `user_log`
--
ALTER TABLE `user_log`
  ADD PRIMARY KEY (`id`);

--
-- AUTO_INCREMENT for dumped tables
--

--
-- AUTO_INCREMENT for table `devices_states`
--
ALTER TABLE `devices_states`
  MODIFY `id` int(11) NOT NULL AUTO_INCREMENT, AUTO_INCREMENT=3;

--
-- AUTO_INCREMENT for table `indoor_data`
--
ALTER TABLE `indoor_data`
  MODIFY `id` int(11) NOT NULL AUTO_INCREMENT, AUTO_INCREMENT=554;

--
-- AUTO_INCREMENT for table `outdoor_data`
--
ALTER TABLE `outdoor_data`
  MODIFY `id` int(11) NOT NULL AUTO_INCREMENT, AUTO_INCREMENT=398;

--
-- AUTO_INCREMENT for table `users`
--
ALTER TABLE `users`
  MODIFY `id` int(11) NOT NULL AUTO_INCREMENT, AUTO_INCREMENT=7;

--
-- AUTO_INCREMENT for table `user_log`
--
ALTER TABLE `user_log`
  MODIFY `id` int(11) NOT NULL AUTO_INCREMENT, AUTO_INCREMENT=32;
COMMIT;

/*!40101 SET CHARACTER_SET_CLIENT=@OLD_CHARACTER_SET_CLIENT */;
/*!40101 SET CHARACTER_SET_RESULTS=@OLD_CHARACTER_SET_RESULTS */;
/*!40101 SET COLLATION_CONNECTION=@OLD_COLLATION_CONNECTION */;
